INSTANCE;WEIGHT_GR;VALUE_GR;EXECUTION_TIME_GR;WEIGHT_BF;VALUE_BF;EXECUTION_TIME_BF;WEIGHT_BB;VALUE_BB;EXECUTION_TIME_BB;WEIGHT_DP;VALUE_DP;EXECUTION_TIME_DP;WEIGHT_OT;VALUE_OT;EXECUTION_TIME_OT;WEIGHT_IP;VALUE_IP;EXECUTION_TIME_IP;
;problem_10_50_1_1_5.txt;50;159;0;50;159;0;50;159;0;50;159;0;50;159;0;50;159;0
;problem_10_50_1_2_5.txt;61;214;0;61;214;0;61;214;0;61;214;0;61;214;0;61;214;0
;problem_10_50_1_3_5.txt;100;184;0;121;199;0;121;199;0;121;199;0;121;199;0;121;199;0
;problem_10_50_1_4_5.txt;221;246;0;221;246;0;221;246;0;221;246;0;221;246;0;221;246;0
;problem_10_50_1_5_5.txt;242;213;0;242;213;0;242;213;0;242;213;0;242;213;0;242;213;0
;problem_10_50_2_1_5.txt;48;63;0;50;64;0;50;64;0;50;64;0;50;64;0;50;64;0
;problem_10_50_2_2_5.txt;30;45;0;61;79;0;61;79;0;61;79;0;61;79;0;61;79;0
;problem_10_50_2_3_5.txt;102;113;0;122;130;0;122;130;0;122;130;0;122;130;0;122;130;0
;problem_10_50_2_4_5.txt;185;195;0;228;233;0;226;233;0;228;233;0;228;233;0;226;233;0
;problem_10_50_2_5_5.txt;222;226;0;237;238;0;240;238;0;237;238;0;237;238;0;240;238;0
;problem_10_50_3_1_5.txt;43;73;0;49;79;0;49;79;0;49;79;0;49;79;0;49;79;0
;problem_10_50_3_2_5.txt;66;126;0;75;135;0;75;135;0;75;135;0;75;135;0;75;135;0
;problem_10_50_3_3_5.txt;112;182;0;112;182;0;112;182;0;112;182;0;112;182;0;112;182;0
;problem_10_50_3_4_5.txt;213;283;0;238;308;0;238;308;0;238;308;0;238;308;0;238;308;0
;problem_10_50_3_5_5.txt;197;287;0;200;290;0;200;290;0;200;290;0;200;290;0;200;290;0
;problem_10_50_4_1_5.txt;35;35;0;51;51;0;51;51;0;51;51;0;51;51;0;51;51;0
;problem_10_50_4_2_5.txt;50;50;0;79;79;0;79;79;0;79;79;0;79;79;0;79;79;0
;problem_10_50_4_3_5.txt;92;92;0;113;113;0;113;113;0;113;113;0;113;113;0;113;113;0
;problem_10_50_4_4_5.txt;229;229;0;238;238;0;238;238;0;238;238;0;238;238;0;238;238;0
;problem_10_50_4_5_5.txt;168;168;0;204;204;0;204;204;0;204;204;0;204;204;0;204;204;0
;problem_10_100_1_1_5.txt;86;198;0;86;198;0;86;198;0;86;198;0;86;198;0;86;198;0
;problem_10_100_1_2_5.txt;145;371;0;145;371;0;145;371;0;145;371;0;145;371;0;145;371;0
;problem_10_100_1_3_5.txt;321;323;0;342;324;0;342;324;0;342;324;0;342;324;0;342;324;0
;problem_10_100_1_4_5.txt;462;507;0;462;507;0;462;507;0;462;507;0;462;507;0;462;507;0
;problem_10_100_1_5_5.txt;433;481;0;433;481;0;433;481;0;433;481;0;433;481;0;433;481;0
;problem_10_100_2_1_5.txt;100;117;0;100;117;0;100;117;0;100;117;0;100;117;0;100;117;0
;problem_10_100_2_2_5.txt;82;94;0;146;159;0;146;159;0;146;159;0;146;159;0;146;159;0
;problem_10_100_2_3_5.txt;273;294;0;347;366;0;347;366;0;347;366;0;347;366;0;347;366;0
;problem_10_100_2_4_5.txt;441;481;0;459;497;0;459;497;0;459;497;0;459;497;0;459;497;0
;problem_10_100_2_5_5.txt;425;426;0;449;445;0;449;445;0;449;445;0;449;445;0;449;445;0
;problem_10_100_3_1_5.txt;91;141;0;101;141;0;91;141;0;101;141;0;101;141;0;91;141;0
;problem_10_100_3_2_5.txt;123;183;0;125;185;0;125;185;0;125;185;0;125;185;0;125;185;0
;problem_10_100_3_3_5.txt;188;248;0;238;298;0;238;298;0;238;298;0;238;298;0;238;298;0
;problem_10_100_3_4_5.txt;363;433;0;437;507;0;437;507;0;437;507;0;437;507;0;437;507;0
;problem_10_100_3_5_5.txt;421;501;0;495;575;0;495;575;0;495;575;0;495;575;0;495;575;0
;problem_10_100_4_1_5.txt;85;85;0;101;101;0;101;101;0;101;101;0;101;101;0;101;101;0
;problem_10_100_4_2_5.txt;117;117;0;129;129;0;129;129;0;129;129;0;129;129;0;129;129;0
;problem_10_100_4_3_5.txt;192;192;0;238;238;0;238;238;0;238;238;0;238;238;0;238;238;0
;problem_10_100_4_4_5.txt;429;429;0;437;437;0;437;437;0;437;437;0;437;437;0;437;437;0
;problem_10_100_4_5_5.txt;468;468;0;495;495;0;495;495;0;495;495;0;495;495;0;495;495;0
;problem_10_500_1_1_5.txt;291;873;0;464;949;0;464;949;0;464;949;0;464;949;0;464;949;0
;problem_10_500_1_2_5.txt;722;1390;0;830;1450;0;830;1450;0;830;1450;0;830;1450;0;830;1450;0
;problem_10_500_1_3_5.txt;782;2348;0;877;2396;0;877;2396;0;877;2396;0;877;2396;0;877;2396;0
;problem_10_500_1_4_5.txt;1357;2348;0;1357;2348;0;1357;2348;0;1357;2348;0;1357;2348;0;1357;2348;0
;problem_10_500_1_5_5.txt;2805;2814;0;2805;2814;0;2805;2814;0;2805;2814;0;2805;2814;0;2805;2814;0
;problem_10_500_2_1_5.txt;326;375;0;528;541;0;528;541;0;528;541;0;528;541;0;528;541;0
;problem_10_500_2_2_5.txt;740;831;0;868;875;0;868;875;0;868;875;0;868;875;0;868;875;0
;problem_10_500_2_3_5.txt;714;778;0;890;942;0;890;942;0;890;942;0;890;942;0;890;942;0
;problem_10_500_2_4_5.txt;1289;1493;0;1387;1501;0;1387;1501;0;1387;1501;0;1387;1501;0;1387;1501;0
;problem_10_500_2_5_5.txt;2754;2878;0;2935;2990;0;2935;2990;0;2935;2990;0;2935;2990;0;2935;2990;0
;problem_10_500_3_1_5.txt;497;537;0;497;537;0;497;537;0;497;537;0;497;537;0;497;537;0
;problem_10_500_3_2_5.txt;977;1017;0;1149;1189;0;1149;1189;0;1149;1189;0;1149;1189;0;1149;1189;0
;problem_10_500_3_3_5.txt;722;792;0;1038;1108;0;1038;1108;0;1038;1108;0;1038;1108;0;1038;1108;0
;problem_10_500_3_4_5.txt;1562;1642;0;1633;1703;0;1633;1703;0;1633;1703;0;1633;1703;0;1633;1703;0
;problem_10_500_3_5_5.txt;2771;2851;0;3079;3159;0;3079;3159;0;3079;3159;0;3079;3159;0;3079;3159;0
;problem_10_500_4_1_5.txt;485;485;0;498;498;0;498;498;0;498;498;0;498;498;0;498;498;0
;problem_10_500_4_2_5.txt;1098;1098;0;1154;1154;0;1154;1154;0;1154;1154;0;1154;1154;0;1154;1154;0
;problem_10_500_4_3_5.txt;792;792;0;1038;1038;0;1038;1038;0;1038;1038;0;1038;1038;0;1038;1038;0
;problem_10_500_4_4_5.txt;1600;1600;0;1637;1637;0;1637;1637;0;1637;1637;0;1637;1637;0;1637;1637;0
;problem_10_500_4_5_5.txt;3068;3068;0;3079;3079;0;3079;3079;0;3079;3079;0;3079;3079;0;3079;3079;0
;problem_10_1000_1_1_5.txt;786;2098;0;964;2287;0;964;2287;0;964;2287;0;964;2287;0;964;2287;0
;problem_10_1000_1_2_5.txt;1785;4084;0;1879;4089;0;1879;4089;0;1879;4089;0;1879;4089;0;1879;4089;0
;problem_10_1000_1_3_5.txt;2320;2993;0;2616;3183;0;2616;3183;0;2616;3183;0;2616;3183;0;2616;3183;0
;problem_10_1000_1_4_5.txt;2367;4649;0;2367;4649;0;2367;4649;0;2367;4649;0;2367;4649;0;2367;4649;0
;problem_10_1000_1_5_5.txt;5123;4213;0;5123;4213;0;5123;4213;0;5123;4213;0;5123;4213;0;5123;4213;0
;problem_10_1000_2_1_5.txt;991;1207;0;991;1207;0;991;1207;0;991;1207;0;991;1207;0;991;1207;0
;problem_10_1000_2_2_5.txt;1819;2047;0;1819;2047;0;1819;2047;0;1819;2047;0;1819;2047;0;1819;2047;0
;problem_10_1000_2_3_5.txt;2355;2661;0;2616;2864;0;2616;2864;0;2616;2864;0;2616;2864;0;2616;2864;0
;problem_10_1000_2_4_5.txt;2184;2476;0;2386;2561;0;2386;2561;0;2386;2561;0;2386;2561;0;2386;2561;0
;problem_10_1000_2_5_5.txt;4930;4959;0;5367;5336;0;5367;5336;0;5367;5336;0;5367;5336;0;5367;5336;0
;problem_10_1000_3_1_5.txt;990;1030;0;1000;1030;0;990;1030;0;1000;1030;0;1000;1030;0;990;1030;0
;problem_10_1000_3_2_5.txt;2132;2182;0;2153;2183;0;2153;2183;0;2153;2183;0;2153;2183;0;2153;2183;0
;problem_10_1000_3_3_5.txt;2204;2264;0;2288;2338;0;2288;2338;0;2288;2338;0;2288;2338;0;2288;2338;0
;problem_10_1000_3_4_5.txt;2469;2549;0;2633;2703;0;2633;2703;0;2633;2703;0;2633;2703;0;2633;2703;0
;problem_10_1000_3_5_5.txt;3926;4006;0;4730;4800;0;4730;4800;0;4730;4800;0;4730;4800;0;4730;4800;0
;problem_10_1000_4_1_5.txt;905;905;0;1000;1000;0;1000;1000;0;1000;1000;0;1000;1000;0;1000;1000;0
;problem_10_1000_4_2_5.txt;1598;1598;0;2153;2153;0;2153;2153;0;2153;2153;0;2153;2153;0;2153;2153;0
;problem_10_1000_4_3_5.txt;2261;2261;0;2288;2288;0;2288;2288;0;2288;2288;0;2288;2288;0;2288;2288;0
;problem_10_1000_4_4_5.txt;2600;2600;0;2633;2633;0;2633;2633;0;2633;2633;0;2633;2633;0;2633;2633;0
;problem_10_1000_4_5_5.txt;4568;4568;0;4730;4730;0;4730;4730;0;4730;4730;0;4730;4730;0;4730;4730;0
;problem_50_50_1_1_5.txt;245;581;0;242;471;11;245;581;0;245;581;0;245;581;0;245;581;0
;problem_50_50_1_2_5.txt;354;891;0;390;729;11;388;918;4;388;918;0;388;918;0;388;918;0
;problem_50_50_1_3_5.txt;637;953;0;646;809;11;646;957;11;647;957;0;647;957;0;647;957;0
;problem_50_50_1_4_5.txt;853;1170;0;882;964;11;509;914;11;883;1180;0;883;1180;0;881;1180;0
;problem_50_50_1_5_5.txt;1080;1087;0;1075;921;11;480;768;11;1080;1087;0;1080;1087;0;1080;1087;0
;problem_50_50_2_1_5.txt;232;283;0;247;279;11;246;298;0;246;298;0;246;298;0;246;298;0
;problem_50_50_2_2_5.txt;363;432;0;390;452;11;390;461;3;390;461;0;390;461;0;390;461;0
;problem_50_50_2_3_5.txt;643;692;0;648;662;11;648;696;11;648;696;0;648;696;0;648;696;0
;problem_50_50_2_4_5.txt;850;928;0;885;916;11;742;820;11;884;960;0;884;960;0;883;960;0
;problem_50_50_2_5_5.txt;1060;1091;0;1080;1086;11;636;689;11;1079;1108;0;1079;1108;0;1079;1108;0
;problem_50_50_3_1_5.txt;224;404;0;239;389;11;239;419;0;239;419;0;239;419;0;239;419;0
;problem_50_50_3_2_5.txt;390;700;0;398;638;11;219;459;11;398;708;0;398;708;0;398;708;0
;problem_50_50_3_3_5.txt;658;998;0;658;968;11;350;590;11;660;1000;0;660;1000;0;660;1000;0
;problem_50_50_3_4_5.txt;802;1212;0;824;1184;11;209;449;11;824;1234;0;824;1234;0;824;1234;0
;problem_50_50_3_5_5.txt;981;1431;0;1001;1411;11;309;549;11;1005;1455;0;1005;1455;0;1005;1455;0
;problem_50_50_4_1_5.txt;238;238;0;239;239;11;239;239;0;239;239;0;239;239;0;239;239;0
;problem_50_50_4_2_5.txt;381;381;0;398;398;11;398;398;0;398;398;0;398;398;0;398;398;0
;problem_50_50_4_3_5.txt;650;650;0;660;660;11;650;650;11;660;660;0;660;660;0;660;660;0
;problem_50_50_4_4_5.txt;783;783;0;824;824;11;688;688;11;824;824;0;824;824;0;824;824;0
;problem_50_50_4_5_5.txt;1000;1000;0;1005;1005;11;570;570;11;1005;1005;0;1005;1005;0;1005;1005;0
;problem_50_100_1_1_5.txt;425;1067;0;455;889;11;458;1098;0;458;1098;0;458;1098;0;458;1098;0
;problem_50_100_1_2_5.txt;798;1730;0;802;1334;11;798;1730;4;798;1730;0;798;1730;0;798;1730;0
;problem_50_100_1_3_5.txt;1330;1866;0;1356;1586;11;1371;1888;5;1371;1888;0;1371;1888;0;1371;1888;0
;problem_50_100_1_4_5.txt;1594;2130;0;1616;1728;11;1612;2137;11;1616;2137;0;1616;2137;0;1612;2137;0
;problem_50_100_1_5_5.txt;2004;2235;0;2024;1970;11;1062;1608;11;2080;2267;0;2080;2267;0;2080;2267;0
;problem_50_100_2_1_5.txt;457;565;0;464;528;11;464;570;0;464;570;0;464;570;0;464;570;0
;problem_50_100_2_2_5.txt;749;873;0;807;882;11;807;930;11;807;930;0;807;930;0;807;930;0
;problem_50_100_2_3_5.txt;1367;1501;0;1372;1466;11;1270;1402;11;1373;1504;0;1373;1504;0;1373;1504;0
;problem_50_100_2_4_5.txt;1555;1695;0;1618;1699;11;1112;1260;11;1618;1752;0;1618;1752;0;1618;1752;0
;problem_50_100_2_5_5.txt;2076;2162;0;2024;2046;11;1120;1253;11;2076;2162;0;2076;2162;0;2076;2162;0
;problem_50_100_3_1_5.txt;433;633;0;439;579;11;439;639;3;439;639;0;439;639;0;439;639;0
;problem_50_100_3_2_5.txt;912;1182;0;931;1151;11;791;1041;111;931;1201;0;931;1201;0;931;1201;0
;problem_50_100_3_3_5.txt;1300;1650;0;1309;1609;11;596;836;11;1310;1660;0;1310;1660;0;1310;1660;0
;problem_50_100_3_4_5.txt;1557;1977;0;1552;1912;11;394;644;11;1557;1977;0;1557;1977;0;1557;1977;0
;problem_50_100_3_5_5.txt;1967;2417;0;2003;2413;11;624;864;11;2005;2455;0;2005;2455;0;2005;2455;0
;problem_50_100_4_1_5.txt;410;410;0;439;439;11;439;439;0;439;439;0;439;439;0;439;439;0
;problem_50_100_4_2_5.txt;896;896;0;931;931;11;931;931;3;931;931;0;931;931;0;931;931;0
;problem_50_100_4_3_5.txt;1252;1252;0;1310;1310;11;1310;1310;11;1310;1310;0;1310;1310;0;1310;1310;0
;problem_50_100_4_4_5.txt;1550;1550;0;1557;1557;11;1388;1388;11;1557;1557;0;1557;1557;0;1557;1557;0
;problem_50_100_4_5_5.txt;1950;1950;0;2005;2005;11;1270;1270;11;2005;2005;0;2005;2005;0;2005;2005;0
;problem_50_500_1_1_5.txt;2030;6037;0;2049;4057;11;2071;6082;0;2071;6082;0;2071;6082;0;2071;6082;0
;problem_50_500_1_2_5.txt;3757;7551;0;3936;6273;11;4001;7819;2;4001;7819;0;4001;7819;0;4001;7819;0
;problem_50_500_1_3_5.txt;6076;10668;0;6204;9441;11;6257;10770;11;6257;10770;0;6257;10770;0;6257;10770;0
;problem_50_500_1_4_5.txt;7984;9859;0;8347;8497;11;4961;7719;11;8325;10012;0;8325;10012;0;8325;10012;0
;problem_50_500_1_5_5.txt;11000;13517;0;11224;12270;11;4802;9050;11;11145;13550;0;11145;13550;0;11145;13550;0
;problem_50_500_2_1_5.txt;1671;1998;0;2080;2280;11;2076;2436;0;2076;2436;0;2076;2436;0;2076;2436;0
;problem_50_500_2_2_5.txt;3791;4308;0;3997;4351;11;4005;4533;0;4005;4533;0;4005;4533;0;4005;4533;0
;problem_50_500_2_3_5.txt;6265;6900;0;6269;6663;11;5877;6503;11;6265;6900;0;6265;6900;0;6265;6900;0
;problem_50_500_2_4_5.txt;8019;8652;0;8309;8576;11;5289;5992;11;8351;8946;0;8351;8946;0;8351;8946;0
;problem_50_500_2_5_5.txt;11221;11381;0;11224;11085;11;6550;6984;11;11238;11390;0;11238;11390;0;11238;11390;0
;problem_50_500_3_1_5.txt;2194;2394;0;2238;2378;11;2232;2432;0;2232;2432;0;2232;2432;0;2232;2432;0
;problem_50_500_3_2_5.txt;4472;4742;0;4662;4892;11;3576;3816;11;4664;4934;0;4664;4934;0;4664;4934;0
;problem_50_500_3_3_5.txt;6293;6643;0;6458;6758;11;2931;3181;11;6460;6810;0;6460;6810;0;6460;6810;0
;problem_50_500_3_4_5.txt;8607;9007;0;8690;9050;11;3732;3982;11;8690;9090;0;8690;9090;0;8690;9090;0
;problem_50_500_3_5_5.txt;11601;12041;0;11999;12399;11;3906;4156;11;12005;12445;0;12005;12445;0;12004;12444;0
;problem_50_500_4_1_5.txt;1996;1996;0;2239;2239;11;2239;2239;0;2239;2239;0;2239;2239;0;2239;2239;0
;problem_50_500_4_2_5.txt;4594;4594;0;4664;4664;11;4664;4664;1;4664;4664;0;4664;4664;0;4664;4664;0
;problem_50_500_4_3_5.txt;6455;6455;0;6460;6460;11;5750;5750;11;6460;6460;0;6460;6460;0;6460;6460;0
;problem_50_500_4_4_5.txt;8423;8423;0;8690;8690;11;5888;5888;11;8690;8690;0;8690;8690;0;8690;8690;0
;problem_50_500_4_5_5.txt;11825;11825;0;12004;12004;11;7270;7270;11;12005;12005;0;12005;12005;0;12004;12004;0
;problem_50_1000_1_1_5.txt;3763;15224;0;3777;10042;11;3841;15314;0;3841;15314;0;3841;15314;0;3841;15314;0
;problem_50_1000_1_2_5.txt;8173;16812;0;8386;12820;11;8483;17088;7;8483;17088;0;8483;17088;0;8483;17088;0
;problem_50_1000_1_3_5.txt;12983;20189;0;12757;17611;11;12983;20189;11;12983;20189;0;12983;20189;0;12983;20189;0
;problem_50_1000_1_4_5.txt;14318;22030;0;14555;20020;11;9111;17185;11;14668;22276;0;14668;22276;0;14668;22276;0
;problem_50_1000_1_5_5.txt;22789;20394;0;22724;17770;11;12302;16189;11;22789;20394;0;22789;20394;0;22789;20394;0
;problem_50_1000_2_1_5.txt;3469;4316;0;3899;4350;11;3913;4789;0;3913;4789;0;3913;4789;0;3913;4789;0
;problem_50_1000_2_2_5.txt;8259;9391;0;8505;9177;11;8507;9640;4;8507;9640;0;8507;9640;0;8507;9640;0
;problem_50_1000_2_3_5.txt;12763;14187;0;13020;13879;11;12763;14187;11;13002;14405;0;13002;14405;0;13002;14405;0
;problem_50_1000_2_4_5.txt;14417;15872;0;14665;15530;11;10658;12075;11;14679;16120;0;14679;16120;0;14679;16120;0
;problem_50_1000_2_5_5.txt;22698;22946;0;22910;22038;11;16955;17706;11;22910;23098;0;22910;23098;0;22888;23098;0
;problem_50_1000_3_1_5.txt;4153;4343;0;4321;4471;11;4322;4512;4;4322;4512;0;4322;4512;0;4322;4512;0
;problem_50_1000_3_2_5.txt;9216;9466;0;9662;9882;11;9216;9466;11;9664;9914;0;9664;9914;0;9664;9914;0
;problem_50_1000_3_3_5.txt;12931;13271;0;13204;13494;11;7109;7349;11;13210;13550;0;13210;13550;0;13210;13550;0
;problem_50_1000_3_4_5.txt;14950;15360;0;15024;15384;11;5758;6008;11;15024;15424;0;15024;15424;0;15024;15424;0
;problem_50_1000_3_5_5.txt;20179;20629;0;20755;21145;11;5647;5887;11;20755;21205;0;20755;21205;0;20755;21205;0
;problem_50_1000_4_1_5.txt;3810;3810;0;4322;4322;11;4322;4322;0;4322;4322;0;4322;4322;0;4322;4322;0
;problem_50_1000_4_2_5.txt;9202;9202;0;9664;9664;11;9664;9664;1;9664;9664;0;9664;9664;0;9664;9664;0
;problem_50_1000_4_3_5.txt;12920;12920;0;13210;13210;11;11250;11250;11;13210;13210;0;13210;13210;0;13210;13210;0
;problem_50_1000_4_4_5.txt;14863;14863;0;15024;15024;11;10388;10388;11;15024;15024;0;15024;15024;0;15024;15024;0
;problem_50_1000_4_5_5.txt;20329;20329;0;20755;20755;11;11770;11770;11;20755;20755;0;20755;20755;0;20754;20754;0
;problem_100_50_1_1_5.txt;471;1223;0;485;882;11;275;913;11;488;1244;0;488;1244;0;488;1244;0
;problem_100_50_1_2_5.txt;744;1648;0;776;1126;11;175;892;11;779;1675;0;779;1675;0;779;1675;0
;problem_100_50_1_3_5.txt;1207;2066;0;1241;1563;11;254;863;11;1244;2094;0;1244;2094;0;1244;2094;0
;problem_100_50_1_4_5.txt;1642;2319;0;1663;1788;11;209;816;11;1664;2330;0;1664;2330;0;1664;2330;0
;problem_100_50_1_5_5.txt;2182;2415;0;2074;1822;11;185;702;11;2186;2415;0;2186;2415;0;2182;2415;0
;problem_100_50_2_1_5.txt;445;534;0;486;516;11;488;581;7;488;581;0;488;581;0;488;581;0
;problem_100_50_2_2_5.txt;747;894;0;778;870;11;253;340;11;779;928;0;779;928;0;779;928;0
;problem_100_50_2_3_5.txt;1233;1333;0;1244;1254;11;491;573;11;1244;1344;0;1244;1344;0;1244;1344;0
;problem_100_50_2_4_5.txt;1656;1788;0;1662;1662;11;443;537;11;1664;1795;0;1664;1795;0;1664;1795;0
;problem_100_50_2_5_5.txt;2176;2270;0;2074;2093;11;430;524;11;2191;2283;0;2191;2283;0;2191;2283;0
;problem_100_50_3_1_5.txt;477;837;0;477;707;11;254;504;11;480;840;0;480;840;0;480;840;0
;problem_100_50_3_2_5.txt;802;1392;0;831;1261;11;129;369;11;831;1421;0;831;1421;0;831;1421;0
;problem_100_50_3_3_5.txt;1268;1958;0;1275;1855;11;179;419;11;1276;1966;0;1276;1966;0;1276;1966;0
;problem_100_50_3_4_5.txt;1708;2518;0;1743;2413;11;140;380;11;1743;2553;0;1743;2553;0;1743;2553;0
;problem_100_50_3_5_5.txt;1992;2902;0;1825;2585;11;141;381;11;2011;2921;0;2011;2921;0;2011;2921;0
;problem_100_50_4_1_5.txt;441;441;0;480;480;11;480;480;0;480;480;0;480;480;0;480;480;0
;problem_100_50_4_2_5.txt;801;801;0;831;831;11;656;656;11;831;831;0;831;831;0;831;831;0
;problem_100_50_4_3_5.txt;1264;1264;0;1276;1276;11;650;650;11;1276;1276;0;1276;1276;0;1276;1276;0
;problem_100_50_4_4_5.txt;1735;1735;0;1743;1743;11;688;688;11;1743;1743;0;1743;1743;0;1743;1743;0
;problem_100_50_4_5_5.txt;1988;1988;0;1825;1825;11;570;570;11;2011;2011;0;2011;2011;0;2011;2011;0
;problem_100_100_1_1_5.txt;941;2299;0;939;1496;11;612;1816;11;941;2299;0;941;2299;0;941;2299;0
;problem_100_100_1_2_5.txt;1632;3377;0;1668;2330;11;360;1610;11;1676;3412;0;1676;3412;0;1676;3412;0
;problem_100_100_1_3_5.txt;2685;4068;0;2697;3032;11;531;1682;11;2718;4093;0;2718;4093;0;2718;4093;0
;problem_100_100_1_4_5.txt;3187;4474;0;3160;3316;11;485;1900;11;3228;4492;0;3228;4492;0;3228;4492;0
;problem_100_100_1_5_5.txt;4322;4905;0;3924;3922;11;635;1746;11;4354;4916;0;4354;4916;0;4354;4916;0
;problem_100_100_2_1_5.txt;881;1067;0;939;1008;11;776;949;11;946;1137;0;946;1137;0;946;1137;0
;problem_100_100_2_2_5.txt;1642;1923;0;1679;1810;11;671;849;11;1679;1960;0;1679;1960;0;1679;1960;0
;problem_100_100_2_3_5.txt;2717;2970;0;2717;2837;11;756;905;11;2719;2972;0;2719;2972;0;2719;2972;0
;problem_100_100_2_4_5.txt;3197;3469;0;3226;3331;11;575;742;11;3230;3499;0;3230;3499;0;3229;3499;0
;problem_100_100_2_5_5.txt;4319;4568;0;3924;4004;11;695;866;11;4358;4600;0;4358;4600;0;4358;4600;0
;problem_100_100_3_1_5.txt;853;1253;0;880;1100;11;367;617;11;880;1280;0;880;1280;0;880;1280;0
;problem_100_100_3_2_5.txt;1717;2267;0;1764;2164;11;311;551;11;1765;2315;0;1765;2315;0;1765;2315;0
;problem_100_100_3_3_5.txt;2524;3234;0;2525;3085;11;332;572;11;2526;3236;0;2526;3236;0;2526;3236;0
;problem_100_100_3_4_5.txt;3079;3909;0;3132;3832;11;190;430;11;3143;3973;0;3143;3973;0;3143;3973;0
;problem_100_100_3_5_5.txt;4011;4921;0;3725;4485;11;352;592;11;4053;4963;0;4053;4963;0;4053;4963;0
;problem_100_100_4_1_5.txt;852;852;0;880;880;11;880;880;3;880;880;0;880;880;0;880;880;0
;problem_100_100_4_2_5.txt;1743;1743;0;1765;1765;11;1356;1356;11;1765;1765;0;1765;1765;0;1765;1765;0
;problem_100_100_4_3_5.txt;2514;2514;0;2526;2526;11;1350;1350;11;2526;2526;0;2526;2526;0;2526;2526;0
;problem_100_100_4_4_5.txt;3135;3135;0;3143;3143;11;1388;1388;11;3143;3143;0;3143;3143;0;3143;3143;0
;problem_100_100_4_5_5.txt;3986;3986;0;3725;3725;11;1270;1270;11;4053;4053;0;4053;4053;0;4053;4053;0
;problem_100_500_1_1_5.txt;3749;11915;0;3865;7649;11;1935;8689;11;3977;12251;0;3977;12251;0;3977;12251;0
;problem_100_500_1_2_5.txt;7812;16700;0;7888;11123;11;2018;8234;11;7946;16827;0;7946;16827;0;7946;16827;0
;problem_100_500_1_3_5.txt;12908;20432;0;12962;14785;11;2226;9217;11;13119;20550;0;13119;20550;0;13119;20550;0
;problem_100_500_1_4_5.txt;17196;22806;0;16992;17623;11;2061;7841;11;17221;22811;0;17221;22811;0;17221;22811;0
;problem_100_500_1_5_5.txt;22848;25659;0;21124;20822;11;2610;8773;11;22848;25659;0;22848;25659;0;22848;25659;0
;problem_100_500_2_1_5.txt;3687;4427;0;3954;4298;11;3977;4741;11;3977;4741;0;3977;4741;0;3977;4741;0
;problem_100_500_2_2_5.txt;7733;8849;0;7909;8516;11;3704;4458;11;7945;9066;0;7945;9066;0;7945;9066;0
;problem_100_500_2_3_5.txt;12919;14155;0;13108;13664;11;3940;4690;11;13118;14354;0;13118;14354;0;13118;14354;0
;problem_100_500_2_4_5.txt;17130;18426;0;17221;17622;11;3596;4529;11;17230;18509;0;17230;18509;0;17230;18509;0
;problem_100_500_2_5_5.txt;22592;23438;0;21124;21185;11;3788;4552;11;22857;23677;0;22857;23677;0;22857;23677;0
;problem_100_500_3_1_5.txt;4047;4457;0;4163;4393;11;1520;1770;11;4164;4574;0;4164;4574;0;4164;4574;0
;problem_100_500_3_2_5.txt;8366;8936;0;8398;8808;11;1546;1786;11;8398;8968;0;8398;8968;0;8398;8968;0
;problem_100_500_3_3_5.txt;12434;13144;0;12622;13182;11;1095;1335;11;12626;13336;0;12626;13336;0;12626;13336;0
;problem_100_500_3_4_5.txt;15873;16693;0;15869;16569;11;1632;1872;11;15873;16693;0;15873;16693;0;15873;16693;0
;problem_100_500_3_5_5.txt;22690;23590;0;21325;22085;11;2000;2240;11;22886;23786;0;22886;23786;0;22886;23786;0
;problem_100_500_4_1_5.txt;3991;3991;0;4164;4164;11;4164;4164;0;4164;4164;0;4164;4164;0;4164;4164;0
;problem_100_500_4_2_5.txt;8343;8343;0;8398;8398;11;5960;5960;11;8398;8398;0;8398;8398;0;8398;8398;0
;problem_100_500_4_3_5.txt;12550;12550;0;12626;12626;11;5750;5750;11;12626;12626;0;12626;12626;0;12626;12626;0
;problem_100_500_4_4_5.txt;15788;15788;0;15876;15876;11;5888;5888;11;15876;15876;0;15876;15876;0;15875;15875;0
;problem_100_500_4_5_5.txt;22619;22619;0;21325;21325;11;7270;7270;11;22886;22886;0;22886;22886;0;22886;22886;0
;problem_100_1000_1_1_5.txt;7914;23884;0;8373;12907;11;3975;17570;11;8391;24357;0;8391;24357;0;8391;24357;0
;problem_100_1000_1_2_5.txt;15929;33591;0;16265;22046;11;3302;16404;11;16588;34184;0;16588;34184;0;16588;34184;0
;problem_100_1000_1_3_5.txt;24592;40347;0;25077;29402;11;4338;16583;11;25118;40778;0;25118;40778;0;25118;40778;0
;problem_100_1000_1_4_5.txt;34143;46603;0;34154;37654;11;4849;16019;11;34143;46603;0;34143;46603;0;34143;46603;0
;problem_100_1000_1_5_5.txt;46504;43499;0;41624;34322;11;7630;16601;11;46504;43499;0;46504;43499;0;46504;43499;0
;problem_100_1000_2_1_5.txt;7805;9516;0;8392;9243;11;8382;10081;11;8395;10152;0;8395;10152;0;8395;10152;0
;problem_100_1000_2_2_5.txt;15882;18106;0;16584;17474;11;7414;8934;11;16611;18860;0;16611;18860;0;16611;18860;0
;problem_100_1000_2_3_5.txt;24877;27832;0;25116;26548;11;6683;8227;11;25118;28061;0;25118;28061;0;25118;28061;0
;problem_100_1000_2_4_5.txt;33931;36715;0;34192;35068;11;7473;9039;11;34229;36978;0;34229;36978;0;34229;36978;0
;problem_100_1000_2_5_5.txt;46255;47157;0;41624;40468;11;13042;14724;11;46604;47456;0;46604;47456;0;46604;47456;0
;problem_100_1000_3_1_5.txt;8613;9023;0;8646;8896;11;2720;2960;11;8664;9074;0;8664;9074;0;8664;9074;0
;problem_100_1000_3_2_5.txt;17375;17915;0;17556;17956;11;3640;3880;11;17565;18105;0;17565;18105;0;17565;18105;0
;problem_100_1000_3_3_5.txt;25211;25911;0;25621;26201;11;2844;3084;11;25626;26326;0;25626;26326;0;25624;26324;0
;problem_100_1000_3_4_5.txt;31040;31850;0;31543;32203;11;2833;3073;11;31543;32353;0;31543;32353;0;31541;32351;0
;problem_100_1000_3_5_5.txt;39939;40849;0;38825;39585;11;2703;2943;11;40386;41296;0;40386;41296;0;40385;41295;0
;problem_100_1000_4_1_5.txt;8606;8606;0;8664;8664;11;8664;8664;7;8664;8664;0;8664;8664;0;8664;8664;0
;problem_100_1000_4_2_5.txt;17510;17510;0;17565;17565;11;13460;13460;11;17565;17565;0;17565;17565;0;17565;17565;0
;problem_100_1000_4_3_5.txt;24814;24814;0;25626;25626;11;11250;11250;11;25626;25626;0;25626;25626;0;25626;25626;0
;problem_100_1000_4_4_5.txt;31076;31076;0;31543;31543;11;10388;10388;11;31543;31543;0;31543;31543;0;31543;31543;0
;problem_100_1000_4_5_5.txt;40119;40119;0;38825;38825;11;11770;11770;11;40386;40386;0;40386;40386;0;40384;40384;0
;problem_500_50_1_1_5.txt;2127;6088;0;2138;2539;11;56;881;11;2147;6115;0;2147;6115;0;2147;6115;0
;problem_500_50_1_2_5.txt;4223;8133;0;4217;4423;11;55;819;11;4229;8138;0;4229;8138;0;4229;8138;0
;problem_500_50_1_3_5.txt;6379;10456;0;6368;6995;11;58;887;11;6398;10470;0;6398;10470;0;6398;10470;0
;problem_500_50_1_4_5.txt;8576;11785;0;8512;8688;11;59;731;11;8602;11798;0;8602;11798;0;8601;11797;0
;problem_500_50_1_5_5.txt;10727;12071;0;8887;8589;11;57;761;11;10737;12073;0;10737;12073;1;10738;12073;0
;problem_500_50_2_1_5.txt;2121;2618;0;2139;2220;11;108;213;11;2147;2647;0;2147;2647;0;2147;2647;0
;problem_500_50_2_2_5.txt;4186;4822;0;4220;4343;11;76;163;11;4229;4867;0;4229;4867;0;4229;4867;0
;problem_500_50_2_3_5.txt;6376;7048;0;6379;6408;11;108;199;11;6398;7070;0;6398;7070;0;6398;7070;0
;problem_500_50_2_4_5.txt;8596;9248;0;8579;8611;11;75;155;11;8602;9253;0;8602;9253;0;8602;9253;0
;problem_500_50_2_5_5.txt;10736;11089;0;8887;8821;11;73;169;11;10738;11090;0;10738;11090;0;10738;11090;0
;problem_500_50_3_1_5.txt;2153;4123;0;2159;3119;11;48;288;11;2159;4129;0;2159;4129;0;2159;4129;0
;problem_500_50_3_2_5.txt;3914;6874;0;3929;5689;11;32;272;11;3929;6889;0;3929;6889;0;3929;6889;0
;problem_500_50_3_3_5.txt;6490;9970;0;6512;9072;11;47;277;11;6512;9992;0;6512;9992;0;6512;9992;0
;problem_500_50_3_4_5.txt;8510;12600;0;8511;11851;11;47;277;11;8518;12608;0;8518;12608;0;8518;12608;0
;problem_500_50_3_5_5.txt;10603;15153;0;8891;12391;11;38;268;11;10615;15165;0;10615;15165;1;10615;15165;0
;problem_500_50_4_1_5.txt;2156;2156;0;2159;2159;11;636;636;11;2159;2159;0;2159;2159;0;2159;2159;0
;problem_500_50_4_2_5.txt;3911;3911;0;3929;3929;11;610;610;11;3929;3929;0;3929;3929;0;3929;3929;0
;problem_500_50_4_3_5.txt;6497;6497;0;6512;6512;11;618;618;11;6512;6512;0;6512;6512;0;6512;6512;0
;problem_500_50_4_4_5.txt;8508;8508;0;8511;8511;11;668;668;11;8518;8518;0;8518;8518;0;8518;8518;0
;problem_500_50_4_5_5.txt;10596;10596;0;8891;8891;11;563;563;11;10615;10615;0;10615;10615;0;10615;10615;0
;problem_500_100_1_1_5.txt;4255;11486;0;4262;5417;11;102;1649;11;4272;11506;0;4272;11506;0;4272;11506;0
;problem_500_100_1_2_5.txt;8358;16360;0;8403;9523;11;86;1723;11;8428;16429;0;8428;16429;0;8428;16429;0
;problem_500_100_1_3_5.txt;13020;20479;0;12792;13658;11;87;1774;11;13047;20499;0;13047;20499;0;13047;20499;0
;problem_500_100_1_4_5.txt;16769;23103;0;16680;16676;11;81;1646;11;16801;23118;0;16801;23118;0;16799;23118;0
;problem_500_100_1_5_5.txt;20578;24406;0;17037;17639;11;106;1648;11;20613;24415;0;20613;24415;0;20613;24415;0
;problem_500_100_2_1_5.txt;4267;5131;0;4267;4388;11;188;368;11;4272;5136;0;4272;5136;0;4272;5136;0
;problem_500_100_2_2_5.txt;8423;9687;0;8417;8611;11;152;321;11;8429;9693;0;8429;9693;0;8429;9693;0
;problem_500_100_2_3_5.txt;12993;14197;0;13041;13110;11;120;272;11;13048;14251;0;13048;14251;0;13048;14251;0
;problem_500_100_2_4_5.txt;16801;18026;0;16777;16886;11;211;386;11;16802;18026;0;16802;18026;0;16801;18026;0
;problem_500_100_2_5_5.txt;20586;21482;0;17037;17079;11;118;291;11;20613;21506;0;20613;21506;0;20613;21506;0
;problem_500_100_3_1_5.txt;4167;6217;0;4201;5161;11;71;311;11;4201;6251;0;4201;6251;0;4201;6251;0
;problem_500_100_3_2_5.txt;8312;11182;0;8346;10106;11;47;287;11;8346;11216;0;8346;11216;0;8346;11216;0
;problem_500_100_3_3_5.txt;12966;16456;0;13034;15594;11;79;319;11;13037;16527;0;13037;16527;0;13037;16527;0
;problem_500_100_3_4_5.txt;16729;20829;0;16751;20091;11;57;287;11;16751;20851;0;16751;20851;0;16751;20851;0
;problem_500_100_3_5_5.txt;20938;25498;0;17641;21141;11;72;302;11;20948;25508;0;20948;25508;0;20948;25508;0
;problem_500_100_4_1_5.txt;4161;4161;0;4201;4201;11;1086;1086;11;4201;4201;0;4201;4201;0;4201;4201;0
;problem_500_100_4_2_5.txt;8337;8337;0;8346;8346;11;1260;1260;11;8346;8346;0;8346;8346;0;8346;8346;0
;problem_500_100_4_3_5.txt;13018;13018;0;13037;13037;11;1350;1350;11;13037;13037;0;13037;13037;0;13037;13037;0
;problem_500_100_4_4_5.txt;16713;16713;0;16751;16751;11;1368;1368;11;16751;16751;0;16751;16751;0;16751;16751;0
;problem_500_100_4_5_5.txt;20869;20869;0;17641;17641;11;1213;1213;11;20948;20948;0;20948;20948;0;20948;20948;0
;problem_500_500_1_1_5.txt;21577;58126;0;21637;24682;11;394;7720;11;21655;58221;0;21655;58221;0;21655;58221;0
;problem_500_500_1_2_5.txt;39690;84630;0;39668;48009;11;477;8739;11;39792;84725;0;39792;84725;0;39792;84725;0
;problem_500_500_1_3_5.txt;63296;99525;0;63439;65234;11;452;8415;11;63446;99618;0;63446;99618;0;63446;99618;0
;problem_500_500_1_4_5.txt;84714;114476;0;85129;82862;11;417;7718;11;85133;114680;0;85133;114680;0;85133;114680;0
;problem_500_500_1_5_5.txt;103002;122114;0;85637;88239;11;352;8514;11;103029;122118;0;103029;122118;10;103020;122116;0
;problem_500_500_2_1_5.txt;21549;25569;0;21624;22134;11;908;1687;11;21655;25685;0;21655;25685;0;21655;25685;0
;problem_500_500_2_2_5.txt;39616;45667;0;39757;40374;11;937;1817;11;39796;45855;0;39796;45855;1;39796;45855;0
;problem_500_500_2_3_5.txt;63045;70158;0;63384;65354;11;628;1277;11;63448;70566;0;63448;70566;3;63447;70565;0
;problem_500_500_2_4_5.txt;85058;91045;0;85121;85468;11;914;1738;11;85136;91118;0;85136;91118;6;85131;91110;0
;problem_500_500_2_5_5.txt;102906;107433;0;85637;86069;11;675;1456;11;103030;107544;0;103030;107544;9;103029;107544;0
;problem_500_500_3_1_5.txt;21277;23267;0;21301;22261;11;336;576;11;21301;23291;0;21301;23291;1;21301;23291;0
;problem_500_500_3_2_5.txt;40388;43288;0;40613;42373;11;298;538;11;40613;43513;0;40613;43513;3;40613;43513;0
;problem_500_500_3_3_5.txt;61643;65203;0;61987;64537;11;263;503;11;61987;65547;0;61987;65547;4;61987;65547;0
;problem_500_500_3_4_5.txt;82128;86218;0;82184;85374;11;283;513;11;82351;86441;0;82351;86441;7;82351;86441;0
;problem_500_500_3_5_5.txt;107817;112367;0;93141;96641;11;344;574;11;107865;112415;0;107865;112415;10;107865;112415;0
;problem_500_500_4_1_5.txt;20845;20845;0;21301;21301;11;7286;7286;11;21301;21301;0;21301;21301;0;21301;21301;0
;problem_500_500_4_2_5.txt;40542;40542;0;40613;40613;11;5960;5960;11;40613;40613;0;40613;40613;0;40613;40613;0
;problem_500_500_4_3_5.txt;61844;61844;0;61987;61987;11;5750;5750;11;61987;61987;0;61987;61987;2;61987;61987;0
;problem_500_500_4_4_5.txt;82327;82327;0;82184;82184;11;5888;5888;11;82351;82351;0;82351;82351;3;82351;82351;0
;problem_500_500_4_5_5.txt;107467;107467;0;93141;93141;11;7213;7213;11;107865;107865;0;107865;107865;7;107865;107865;0
;problem_500_1000_1_1_5.txt;42500;114437;0;42670;47610;11;856;17303;11;42822;114892;0;42822;114892;1;42822;114892;0
;problem_500_1000_1_2_5.txt;84688;165118;0;84932;96104;11;815;17833;11;84962;165368;0;84962;165368;4;84962;165368;0
;problem_500_1000_1_3_5.txt;122443;203616;0;122761;126830;11;723;16742;11;122948;203986;0;122948;203986;8;122948;203979;0
;problem_500_1000_1_4_5.txt;165514;229247;0;165129;168862;11;451;15463;11;166103;229545;0;166103;229545;14;166103;229545;0
;problem_500_1000_1_5_5.txt;212119;252043;0;177637;179739;11;1044;15683;11;213025;252270;0;213025;252270;22;213025;252270;0
;problem_500_1000_2_1_5.txt;42032;50684;0;42801;44369;11;1756;3405;11;42822;51549;0;42822;51549;1;42820;51549;0
;problem_500_1000_2_2_5.txt;84688;96886;0;84833;87498;11;1091;2587;11;84960;97172;0;84960;97172;3;84960;97172;0
;problem_500_1000_2_3_5.txt;122856;135773;0;122840;125291;11;1659;3341;11;122948;135861;0;122948;135861;6;122948;135860;0
;problem_500_1000_2_4_5.txt;165504;177471;0;165129;165384;11;1188;2754;11;166134;178071;0;166134;178071;11;166135;178070;0
;problem_500_1000_2_5_5.txt;212694;219252;0;177637;174791;11;2738;4262;11;213029;219550;0;213029;219550;17;213029;219550;0
;problem_500_1000_3_1_5.txt;42379;44409;0;42384;43344;11;675;915;11;42384;44414;0;42384;44414;1;42384;44414;0
;problem_500_1000_3_2_5.txt;84592;87432;0;84778;86528;11;605;845;11;84779;87619;0;84779;87619;5;84776;87616;0
;problem_500_1000_3_3_5.txt;121018;124568;0;121485;124045;11;443;673;11;121487;125037;0;121487;125037;9;121484;125034;0
;problem_500_1000_3_4_5.txt;169604;173664;0;170332;173672;11;574;804;11;170351;174411;0;170351;174411;14;170345;174405;0
;problem_500_1000_3_5_5.txt;218567;223107;0;189141;192641;11;760;990;11;219115;223655;0;219115;223655;20;219115;223655;0
;problem_500_1000_4_1_5.txt;42332;42332;0;42384;42384;11;11786;11786;11;42384;42384;0;42384;42384;0;42384;42384;0
;problem_500_1000_4_2_5.txt;84636;84636;0;84779;84779;11;13460;13460;11;84779;84779;0;84779;84779;0;84779;84779;0
;problem_500_1000_4_3_5.txt;121318;121318;0;121487;121487;11;11250;11250;11;121487;121487;0;121487;121487;2;121487;121487;0
;problem_500_1000_4_4_5.txt;170133;170133;0;170332;170332;11;10388;10388;11;170351;170351;0;170351;170351;7;170351;170351;0
;problem_500_1000_4_5_5.txt;218449;218449;0;189141;189141;11;11713;11713;11;219115;219115;0;219115;219115;14;219115;219115;0
